timestamp,open,high,low,close,volume
2025-04-15,350.4400,350.4500,299.0000,335.8100,93157262
2025-03-31,363.0000,366.5400,326.3808,350.4600,162200389
2025-02-28,340.0000,364.0000,339.2400,362.7100,117973471
2025-01-31,317.7800,351.2499,303.8400,341.8000,118041565
2024-12-31,316.9000,321.6150,306.6400,316.0400,131686965
2024-11-29,288.4900,316.3700,287.1900,315.0800,116981793
2024-10-31,276.9700,296.3400,273.2400,289.8500,128711760
2024-09-30,276.3700,293.0700,268.2300,274.9500,166260002
2024-08-30,266.3300,276.9900,254.5100,276.3700,190347114
2024-07-31,263.7900,273.6200,252.7000,265.6700,163927316
2024-06-28,273.0900,280.3900,261.2500,262.4700,180293588
2024-05-31,268.1500,282.3800,266.5000,272.4600,171405032
2024-04-30,280.3600,283.0000,268.2900,268.6100,147676197
2024-03-28,283.2000,290.9600,276.1600,279.0800,122609423
2024-02-29,273.3900,286.1300,272.7630,282.6400,101435733
2024-01-31,259.6100,279.9900,256.8600,273.2600,120303881
2023-12-29,255.7900,263.2500,252.1400,260.3500,109858878
2023-11-30,236.1400,256.7700,235.6800,256.6800,131301979
2023-10-31,229.2400,241.4800,227.7800,235.1000,129131729
2023-09-29,247.4700,250.0600,227.9200,230.0100,114067011
2023-08-31,237.1400,248.2300,235.2450,245.6800,101039844
2023-07-31,237.0000,245.3700,227.6800,237.7300,113728159
2023-06-30,222.7300,238.2800,221.0200,237.4800,155907795
2023-05-31,232.8700,234.8100,216.1400,221.0300,127679040
2023-04-28,225.2300,235.5680,224.1200,232.7300,118739456
2023-03-31,219.4600,227.4150,208.7600,225.4600,167774878
2023-02-28,229.3700,234.3000,217.4600,219.9400,94455254
2023-01-31,209.2800,232.8400,206.1600,230.2100,127619342
2022-12-30,217.0000,219.9800,202.1300,207.7600,136792052
2022-11-30,208.9100,217.0000,193.3250,217.0000,157870621
2022-10-31,179.3400,211.5186,174.6000,207.1600,160731037
2022-09-30,198.7200,207.1900,174.8300,177.6500,142695269
2022-08-31,208.4500,217.6100,198.6400,198.7100,130178837
2022-07-29,196.7900,218.0700,194.1400,212.1100,118596952
2022-06-30,212.0500,217.5800,185.9100,196.8900,128123527
2022-05-31,211.7700,214.8000,189.9500,212.1700,171858850
2022-04-29,223.0800,229.2400,201.1000,213.1300,151474586
2022-03-31,214.4800,228.8100,186.6700,221.7700,188732371
2022-02-28,226.9000,235.8500,201.4500,216.1200,171668723
2022-01-31,217.5200,228.1200,195.6500,226.1700,224640154
2021-12-31,196.0300,219.7300,190.1000,216.7100,189072557
2021-11-30,213.4900,221.6100,192.5500,193.7700,303787625
2021-10-29,224.1700,236.9600,208.5400,211.7700,170235962
2021-09-30,229.1000,233.3300,216.3100,222.7500,175674100
2021-08-31,246.2400,247.8300,228.6600,229.1000,148464103
2021-07-30,234.2000,252.6700,234.0499,246.3900,157809397
2021-06-30,229.4400,238.4800,226.2800,233.8200,151631040
2021-05-28,234.0500,235.7400,220.3100,227.3000,127250043
2021-04-30,213.7840,237.5000,212.3000,233.5600,152922449
2021-03-31,214.9700,228.2298,205.7800,211.7300,228910433
2021-02-26,195.1400,220.5300,195.0200,212.3900,196654813
2021-01-29,220.2500,220.2500,192.8100,193.2500,198356580
2020-12-31,212.1300,220.3900,204.5000,218.7300,178457456
2020-11-30,184.5100,217.6500,183.8900,210.3500,156651025
2020-10-30,202.2100,207.9700,179.2300,181.7100,172181178
2020-09-30,212.2100,217.3500,193.1300,199.9700,176375547
2020-08-31,191.8000,216.1600,190.0800,211.9900,161589042
2020-07-31,193.8500,200.9500,187.1800,190.4000,168844674
2020-06-30,194.7100,202.1800,186.2100,193.1700,192103395
2020-05-29,174.4500,198.2900,171.7200,195.2400,189585116
2020-04-30,156.3200,182.2500,150.6000,178.7200,263495312
2020-03-31,186.3200,194.4900,133.9300,161.1200,417542977
2020-02-28,199.9400,214.1700,172.9800,181.7600,199776179
2020-01-31,189.0000,210.1300,187.1600,198.9700,183582543
2019-12-31,184.2400,189.8900,179.6600,187.9000,160394084
2019-11-29,180.1300,184.8500,175.1800,184.5100,134065026
2019-10-31,173.0200,180.1800,168.5900,178.8600,162923578
2019-09-30,180.5200,187.0500,172.0100,172.0100,171931176
2019-08-30,179.1900,182.4000,166.9800,180.8200,154470525
2019-07-31,175.3300,184.0700,172.7400,178.0000,126736340
2019-06-28,161.5400,174.9400,156.7500,173.5500,158885114
2019-05-31,165.5400,165.7700,156.4200,161.3300,147282119
2019-04-30,157.5300,165.7000,156.3200,164.4300,136490658
2019-03-29,149.4600,156.8200,144.5000,156.1900,207401562
2019-02-28,135.3900,148.8200,135.2600,148.1200,154776247
2019-01-31,130.0000,139.9000,127.8800,135.0100,193205412
2018-12-31,145.0000,145.7200,121.6000,131.9400,242677721
2018-11-30,139.0000,145.4600,129.5400,141.7100,208766205
2018-10-31,150.8900,151.5600,129.7900,137.8500,254092004
2018-09-28,146.9300,150.6400,142.5400,150.0900,147500495
2018-08-31,137.7400,147.7100,137.0000,146.8900,143157273
2018-07-31,131.9600,143.1400,131.1500,136.7400,161562542
2018-06-29,131.8400,136.6900,129.5300,132.4500,154720393
2018-05-31,126.8600,132.5000,125.3200,130.7200,147562270
2018-04-30,119.2700,127.9000,116.7100,126.8800,165231144
2018-03-29,123.2600,125.4400,116.0300,119.6200,182392051
2018-02-28,124.7400,126.2600,111.0200,122.9400,183890719
2018-01-31,114.5700,126.8800,113.9500,124.2300,144967375
2017-12-29,112.3800,114.9200,106.6000,114.0200,175640154
2017-11-30,110.5000,113.6200,106.9000,112.5900,136051994
2017-10-31,105.5400,110.7400,104.8977,109.9800,140428442
2017-09-29,104.0400,106.8350,102.2600,105.2400,137450408
2017-08-31,100.3600,104.2000,99.4300,103.5200,148740209
2017-07-31,94.3800,101.1800,93.1900,99.5600,154989518
2017-06-30,95.4000,96.6000,92.8000,93.7800,197251059
2017-05-31,91.2900,95.5300,91.1400,95.2300,155976358
2017-04-28,89.1400,92.8000,88.1300,91.2200,156139058
2017-03-31,88.7400,92.0500,87.8500,88.8700,176898019
2017-02-28,82.9000,88.4900,81.5700,87.9400,167783472
2017-01-31,78.7600,84.2700,78.4900,82.7100,159153885
2016-12-30,77.5700,80.3900,75.1700,78.0200,244868085
2016-11-30,82.6400,83.9600,77.2800,77.3200,234696164
2016-10-31,82.4200,83.7000,81.1100,82.5100,178635744
2016-09-30,81.1400,83.7900,80.9700,82.7000,179003676
2016-08-31,78.3100,81.7600,77.7300,80.9000,149237623
2016-07-29,74.5000,80.1700,73.8300,78.0500,183918469
2016-06-30,78.6900,81.7100,73.2500,74.1700,233222035
2016-05-31,77.8100,79.8700,76.2200,78.9400,146453556
2016-04-29,76.2500,81.7300,75.8000,77.2400,174268331
2016-03-31,72.9900,77.0000,69.5800,76.4800,195451016
2016-02-29,74.0800,74.7800,66.1200,72.3900,213955896
2016-01-29,76.0600,76.5100,68.7600,74.4900,260380987
2015-12-31,79.5300,80.4900,75.5200,77.5500,196690064
2015-11-30,75.1900,81.0100,74.5300,79.0100,183615398
2015-10-30,70.0900,78.8900,68.3600,77.5800,177419211
2015-09-30,69.5500,72.3200,67.0300,69.6600,208292303
2015-08-31,75.5900,76.1700,60.0000,71.3000,178934538
2015-07-31,67.9400,76.9200,66.5300,75.3400,177273461
2015-06-30,69.1300,70.0200,66.6900,67.1500,131118485
2015-05-29,65.2200,70.6900,65.1500,68.6800,144581935
2015-04-30,65.4500,69.9800,64.3500,66.0500,160608587
2015-03-31,276.7100,278.6500,65.0200,65.4100,136699508
2015-02-27,256.3100,274.5000,249.7000,271.3100,49187104
2015-01-30,263.3800,266.7500,245.1700,254.9100,56093964
2014-12-31,256.2700,269.3200,252.3500,262.2000,50490539
2014-11-28,240.9800,259.5000,239.0000,258.1900,51380169
2014-10-31,212.8500,242.5000,195.1900,241.4300,80839596
2014-09-30,213.4100,218.6500,209.1200,213.3700,50857195
2014-08-29,209.8700,218.0000,208.2100,212.5200,44936500
2014-07-31,211.9500,224.7500,211.0100,211.0100,55415300
2014-06-30,215.3700,215.6900,207.3100,210.7100,50554700
2014-05-30,204.1000,215.9500,203.0000,214.8300,54955700
2014-04-30,217.0800,218.1586,194.8400,202.6100,96853500
2014-03-31,223.2400,232.6700,210.5200,215.8600,66709900
2014-02-28,216.5100,228.4800,211.3800,225.9400,57835200
2014-01-31,221.5400,235.5000,215.1090,215.4300,75352000
2013-12-31,204.1000,222.7200,199.4300,222.6800,70411400
2013-11-29,198.9500,205.0699,195.0000,203.4600,51368400
2013-10-31,191.2900,205.2500,180.1100,196.6700,67642100
2013-09-30,176.0300,200.8600,175.0500,191.1000,71214300
2013-08-30,181.7600,185.1400,172.2100,174.4200,92972300
2013-07-31,183.9000,196.0000,170.9900,177.0100,84007800
2013-06-28,178.7500,185.2300,175.6800,182.7500,62189200
2013-05-31,166.9900,184.9000,163.6000,178.1400,77751600
2013-04-30,169.7500,170.9900,161.2700,168.4600,51905700
2013-03-28,157.9300,170.9600,155.6800,169.8400,64842600
2013-02-28,159.0000,160.8800,154.1400,158.6400,61217500
2013-01-31,154.1600,162.7700,153.9300,157.9100,59355700
2012-12-31,150.0000,152.5100,146.1000,151.5800,54031200
2012-11-30,140.8200,149.9300,138.5300,149.7100,62366800
2012-10-31,134.8700,143.1000,134.8700,138.7600,57055600
2012-09-28,128.3600,136.6500,126.9500,134.2800,63213900
2012-08-31,128.5000,132.5800,125.8100,128.2500,54565800
2012-07-31,124.2600,132.3500,119.1000,129.0700,73691000
2012-06-29,113.6400,124.9500,111.9401,123.6300,73804200
2012-05-31,123.4700,125.3500,112.5000,115.2000,100344000
2012-04-30,118.0000,124.2100,116.4800,122.9800,62665100
2012-03-30,117.4500,120.6960,113.5400,118.0000,62867300
2012-02-29,101.1800,119.3600,100.6025,116.3700,89913900
2012-01-31,103.4000,104.2000,98.3300,100.6400,76346100
2011-12-30,95.9200,103.4500,95.0500,101.5300,78358900
2011-11-30,91.1600,97.0300,88.7800,96.9700,84173500
2011-10-31,84.9700,95.8700,81.7100,93.2600,104767000
2011-09-30,87.7200,94.7500,83.2500,85.7200,120505600
2011-08-31,87.0000,88.8500,76.1100,87.8800,160948700
2011-07-29,84.1000,90.8300,83.6000,85.5400,113194800
2011-06-30,80.7600,87.3600,73.1100,84.2600,196557500
2011-05-31,78.4600,81.3000,76.6000,81.0600,99881900
2011-04-29,73.9900,79.0000,73.2615,78.1200,80182500
2011-03-31,73.8700,75.9400,70.4500,73.6200,132083000
2011-02-28,70.2100,77.0800,70.2100,73.0500,114333300
2011-01-31,70.4000,73.5500,67.5100,69.8500,139509300
2010-12-31,74.9400,81.7500,66.5000,70.3800,220235300
2010-11-30,78.5800,80.4700,72.9200,73.8500,79270200
2010-10-29,74.7400,80.8800,72.5810,78.1600,102407400
2010-09-30,69.8300,74.9700,64.9000,74.2600,158973300
2010-08-31,70.9800,75.7300,68.0100,68.9800,125363400
2010-07-30,71.0000,77.8000,70.1100,73.3500,117947400
2010-06-30,72.4900,83.7900,70.0200,70.7500,197268700
2010-05-28,90.5500,91.2700,68.2900,72.4600,329707000
2010-04-30,91.6800,97.1920,90.0200,90.2300,82607100
2010-03-31,85.5000,93.6300,85.2800,91.0300,117882000
2010-02-26,82.2900,87.7600,80.5400,85.2800,99527800
2010-01-29,88.0000,88.7700,80.6100,82.0300,87018500
2009-12-31,81.4400,89.6900,78.7100,87.4600,204952500
2009-11-30,76.0900,81.9700,75.8000,81.0000,90154700
2009-10-30,68.7700,78.2000,66.5452,75.7600,159370800
2009-09-30,70.7800,74.9900,68.6100,69.1100,99051700
2009-08-31,66.1900,71.3200,65.9000,71.1000,93978700
2009-07-31,62.2800,69.6800,58.0000,65.4600,153747700
2009-06-30,68.5000,71.2400,60.2700,62.2600,193053500
2009-05-29,64.1500,68.5600,62.6400,67.7100,198672200
2009-04-30,54.7500,68.0000,53.6300,64.9600,222924500
2009-03-31,55.9300,56.9700,48.7400,55.6000,231948800
2009-02-27,48.2500,57.9500,47.5400,56.7100,186385800
2009-01-30,52.9200,57.9800,41.7800,49.3500,160611600
2008-12-31,51.0000,57.6700,47.5300,52.4500,141021400
2008-11-28,55.3500,60.4500,43.5400,52.5600,191852000
2008-10-31,60.7500,62.1100,43.7400,55.3500,302537300
2008-09-30,76.8300,77.5000,55.8900,61.3900,254818400
2008-08-29,73.3000,76.5300,69.1100,75.9000,158540800
2008-07-31,79.2000,82.4000,66.5100,73.0600,333151100
2008-06-30,86.2100,88.1000,77.6000,81.3100,255456900
2008-05-30,84.6800,89.8400,74.3600,86.3600,388428400
2008-04-30,63.0000,84.8100,60.3100,83.4500,346330900
